order_id,customer_name,email,phone,product,category,quantity,price,order_date,status,country
1396,PATRICIA JOHNSON,patricia.johnson@yahoo.com,4149902672,Charger,Electronics,1.0,$1341.68,01/10/2023,CANCELLED,Canada
1190,,jennifer.garcia@outlook.com,,Webcam,Accessories ,2.0,,11/02/2024,delivered,Canada
1163,james wilson,james.wilson@yahoo.com,1786265600,Headphones,accessories,15.0,1077.37,2024-11-07,,
1102,John  Davis,john.davis@outlook.com,,Mouse,Mobile,18.0,331.72,2023-04-15,Pending,France
1362,PATRICIA MILLER,patricia.miller@gmail.com,N/A,Headphones,accessories,1.0,973.11,2023-11-14,shipped,Canada
1309,jennifer miller,jennifer.miller@yahoo.com,106-471-1162,Mouse, Electronics,1.0,$439.41,2024/10/08,Pending,USA
1133,Mary Jones,,9773264688,Monitor, Audio,1.0,$713.78,2024-10-24,Returned,UK
1004,barbara garcia,barbara.garcia@outlook.com,(758) 569-3340,Headphones,,12.0,645.51,2024-01-06,SHIPPED,France
1465,John Miller,john.miller@gmail.com,3162135740,Headphones, Audio,2.0,1128.16,09-05-2024,pending,USA
1119,JOHN JONES,john.jones@yahoo.com,(135) 728-5026,Charger, Audio,1.0,,21 May 2023,SHIPPED,Canada
1066,james johnson,james.johnson@yahoo.com,(430) 826-4694,Webcam,Computing,1.0,£954.41,05-09-2023,RETURNED,USA
1342,John Miller,john.miller@yahoo.com,N/A,Mouse,Electronics,1.0,$187.47,2023/01/24,RETURNED,France
1434,michael moore,michael.moore@outlook.com,(643) 772-3950,Keyboard,Computing ,3.0,898.77,30/10/2023,Shipped,Germany
1314,WILLIAM JOHNSON,william.johnson@gmail.com,,Keyboard,,2.0,£457.56,2023/07/15,SHIPPED,Canada
1247,JOHN BROWN,john.brown@yahoo.com,,Tablet,Electronics,2.0,624.7,2024-08-04,Shipped,France
1052,JAMES SMITH,N/A,N/A,Charger, Mobile,3.0,$1364.03,2023/11/26,CANCELLED,UK
1284,Robert  Miller,robert.miller@outlook.com,4689158738,Speaker,ACCESSORIES,3.0,$198.0,2023/06/10,Cancelled,France
1386,John Johnson,john.johnson@yahoo.com,958-312-7402,Charger,Electronics ,,1439.03,04 Aug 2023,cancelled,
1116,Robert  Garcia,robert.garcia@outlook.com,(434) 425-8417,Keyboard,electronics,8.0,167.91,18 Jun 2023,cancelled,France
1139,james brown,james.brown@outlook.com,N/A,Webcam,MOBILE,1.0,£1236.65,25 Oct 2023,RETURNED,Canada
1245,James Williams,,(556) 465-2515,Laptop,mobile,1.0,£1173.02,20/07/2023,DELIVERED,France
1282,linda moore,linda.moore@gmail.com,949-953-7418,Mouse,Electronics,3.0,£1273.68,07 Feb 2023,cancelled,Canada
1090,BARBARA DAVIS,barbara.davis@gmail.com,,Laptop,ACCESSORIES,1.0,882.62,03-20-2023,SHIPPED,UK
1281,mary williams,mary.williams@gmail.com,935-116-4083,Keyboard,audio,3.0,$1263.92,03-30-2023,Cancelled,
1319,BARBARA BROWN,barbara.brown@outlook.com,571-573-1640,Monitor,AUDIO,3.0,$921.48,2024-03-01,SHIPPED,France
1436,James  Jones,james.jones@yahoo.com,9962709782,Phone, Mobile,1.0,909.42,22 Jan 2023,DELIVERED,Germany
1091,MARY WILSON,mary.wilson@gmail.com,(337) 958-2245,Speaker, Mobile,2.0,£49.29,06 Apr 2024,shipped,Canada
1311,Jennifer  Garcia,jennifer.garcia@outlook.com,,Monitor,ACCESSORIES,1.0,£946.04,2023/05/10,returned,UK
1217,james johnson,james.johnson@gmail.com,8737511003,Headphones, Audio,3.0,925.28,2023-07-20,pending,Canada
1446,Michael  Miller,michael.miller@outlook.com,(419) 958-9552,Webcam, Electronics,1.0,£1418.51,27 May 2023,returned,France
1272,Barbara Jones,barbara.jones@gmail.com,N/A,Mouse, Mobile,1.0,384.22,06 Nov 2023,Pending,Canada
1024,Linda  Williams,linda.williams@gmail.com,N/A,Charger, Audio,,1278.31,13 Oct 2023,shipped,Canada
1271,BARBARA BROWN,barbara.brown@outlook.com,5282847693,Laptop,COMPUTING,11.0,$679.21,2024/01/14,Cancelled,USA
1351,WILLIAM JOHNSON,william.johnson@yahoo.com,,Tablet,ACCESSORIES,,1403.44,02-28-2023,DELIVERED,France
1189,william miller,william.miller@gmail.com,,Webcam,Audio,3.0,1055.31,2023-04-17,SHIPPED,France
1014,james garcia,james.garcia@outlook.com,,Headphones,,3.0,£42.06,2024-02-26,Pending,USA
1098,Linda  Johnson,linda.johnson@outlook.com,426-168-5919,Phone,ELECTRONICS,1.0,$1395.23,2024-06-12,Returned,Germany
1155,,robert.brown@outlook.com,,Laptop,electronics,,$1254.32,04 Jul 2024,DELIVERED,UK
1166,Barbara Wilson,barbara.wilson@outlook.com,634-530-7068,Webcam,audio,3.0,529.02,2024-03-11,,UK
1033,barbara wilson,barbara.wilson@gmail.com,(908) 974-7798,Webcam,Computing,2.0,1257.03,02 Jun 2023,returned,Germany
1221,barbara johnson,barbara.johnson@yahoo.com,,Speaker, Computing,2.0,804.87,25 Apr 2024,,Canada
1391,jennifer brown,jennifer.brown@gmail.com,N/A,Phone,Electronics ,9.0,493.68,2023/08/31,delivered,USA
1425,james johnson,james.johnson@yahoo.com,,Mouse,Accessories ,1.0,574.73,2023-03-21,RETURNED,Canada
1345,James Brown,james.brown@gmail.com,9769524526,Speaker,mobile,2.0,197.1,2023/03/18,pending,France
1203,William  Williams,william.williams@yahoo.com,,Keyboard,Audio,2.0,$1039.12,07/05/2023,DELIVERED,France
1056,LINDA BROWN,linda.brown@outlook.com,N/A,Webcam,Mobile ,1.0,$1202.88,14/09/2023,cancelled,Canada
1329,linda brown,invalid-email,N/A,Mouse,Audio ,13.0,111.5,08 May 2023,Returned,UK
1051,jennifer williams,jennifer.williams@gmail.com,302-277-3504,Headphones,Audio ,18.0,£966.27,10-04-2024,shipped,USA
1323,james garcia,james.garcia@outlook.com,3251983750,Laptop, Audio,2.0,$487.41,2024-10-01,returned,France
1026,LINDA JONES,linda.jones@yahoo.com,838-297-6169,Webcam,,3.0,£418.37,2023-04-13,Pending,Germany
1381,WILLIAM MILLER,william.miller@gmail.com,5695387113,Webcam,mobile,3.0,431.12,10-11-2024,Returned,USA
1328,Jennifer  Miller,jennifer.miller@gmail.com,5326178101,Charger,Electronics ,1.0,£1139.49,2024/09/01,SHIPPED,UK
1493,John  Wilson,john.wilson@gmail.com,,Tablet,Audio ,1.0,£1083.71,01/01/2023,PENDING,Canada
1413,James Williams,james.williams@yahoo.com,(681) 659-2179,Headphones,Mobile ,1.0,857.7,05-27-2024,PENDING,Canada
1383,Michael Brown,N/A,,Speaker,COMPUTING,9.0,$1489.28,23 Jul 2024,SHIPPED,France
1464,Barbara  Johnson,barbara.johnson@outlook.com,(185) 312-9676,Monitor,,3.0,$49.2,10-01-2024,returned,France
1448,Robert Jones,robert.jones@outlook.com,,Charger,audio,19.0,1212.11,14/01/2024,RETURNED,UK
1402,Michael  Moore,michael.moore@yahoo.com,(142) 693-9520,Speaker,Electronics ,18.0,£1452.39,23/10/2023,delivered,UK
1275,Barbara Brown,barbara.brown@outlook.com,2845262258,Charger,ELECTRONICS,2.0,1023.56,02-08-2024,Returned,Germany
1147,LINDA GARCIA,linda.garcia@gmail.com,,Speaker,Mobile ,3.0,$175.46,01-03-2023,PENDING,Germany
1432,Linda  Miller,linda.miller@yahoo.com,(240) 385-2908,Phone,,1.0,£763.05,2024/04/09,DELIVERED,Germany
1257,JOHN MILLER,john.miller@gmail.com,,Charger,,3.0,£737.92,07-09-2024,RETURNED,USA
1041,Michael  Johnson,michael.johnson@outlook.com,3861337070,Charger,audio,1.0,£1471.49,07-11-2024,delivered,Germany
1325,Jennifer Davis,jennifer.davisyahoo.com,,Speaker,electronics,4.0,1139.62,2023-11-13,Cancelled,Canada
1474,MARY WILLIAMS,mary.williams@gmail.com,N/A,Phone,Mobile,1.0,298.66,28/03/2024,Cancelled,USA
1244,John  Garcia,john.garcia@outlook.com,646-408-2990,Tablet,audio,2.0,£238.3,10-24-2024,cancelled,Canada
1260,JAMES WILSON,james.wilson@gmail.com,N/A,Monitor,Electronics ,2.0,569.72,2023/11/27,delivered,USA
1083,BARBARA GARCIA,barbara.garcia@gmail.com,2467769540,Tablet,COMPUTING,5.0,$1423.04,03 Oct 2024,returned,USA
1249,William Moore,william.moore@yahoo.com,N/A,Headphones,computing,2.0,£544.94,02-19-2023,PENDING,USA
1222,ROBERT MOORE,robert.moore@gmail.com,(692) 273-1845,Speaker,ELECTRONICS,1.0,194.6,10-12-2023,SHIPPED,Germany
1218,Barbara  Smith,barbara.smith@gmail.com,163-478-9992,Laptop,MOBILE,2.0,$1299.19,2024/03/18,CANCELLED,Germany
1114,Jennifer  Johnson,jennifer.johnson@gmail.com,,Keyboard,AUDIO,1.0,,04/06/2023,Cancelled,UK
1341,Jennifer Moore,jennifer.moore@outlook.com,N/A,Headphones,Electronics,3.0,,2023/05/01,PENDING,France
1471,linda jones,linda.jones@outlook.com,N/A,Monitor,Accessories,10.0,457.92,09-23-2023,RETURNED,Canada
1233,Linda Johnson,linda.johnson@gmail.com,N/A,Charger,accessories,2.0,787.01,2023-09-02,RETURNED,USA
1214,BARBARA GARCIA,barbara.garcia@yahoo.com,830-876-9740,Charger,mobile,3.0,£150.41,01 Dec 2024,Cancelled,UK
1489,John Brown,john.brown@outlook.com,5133892724,Keyboard,computing,2.0,1067.14,2024/11/15,RETURNED,Canada
1188,Barbara Jones,barbara.jones@yahoo.com,8351721214,Charger,Electronics ,2.0,839.24,13/01/2024,returned,Canada
1335,James  Garcia,james.garcia@gmail.com,(509) 856-2333,Tablet,Audio,2.0,$912.72,2024/06/16,Returned,UK
1237,barbara williams,barbara.williams@outlook.com,N/A,Webcam,audio,3.0,422.36,2023-09-10,pending,
1160,BARBARA JOHNSON,barbara.johnson@gmail.com,301-369-2252,Laptop,Mobile,16.0,323.08,07-18-2024,RETURNED,France
1360,WILLIAM JONES,william.jones@gmail.com,3746652951,Keyboard, Electronics,2.0,$63.44,2023-10-12,Pending,UK
1238,,linda.wilson@yahoo.com,N/A,Charger,Accessories,3.0,$1425.15,01-03-2024,SHIPPED,USA
1180,Robert  Garcia,robert.garcia@outlook.com,(191) 552-6044,Tablet,computing,1.0,$5.14,12-19-2023,CANCELLED,USA
1091,MARY WILSON,mary.wilson@gmail.com,(337) 958-2245,Speaker, Mobile,2.0,£49.29,06 Apr 2024,shipped,Canada
1290,JAMES GARCIA,james.garcia@outlook.com,N/A,Monitor,Mobile,2.0,$1474.51,12-25-2023,PENDING,Canada
1423,Robert  Jones,robert.jones@gmail.com,2782501812,Phone,,3.0,871.94,2024-07-20,,Germany
1061,JAMES GARCIA,james.garcia@gmail.com,N/A,Mouse,Accessories ,2.0,£1386.84,26 Mar 2023,delivered,Canada
1236,Linda  Smith,linda.smith@gmail.com,N/A,Mouse,Accessories ,2.0,$1463.46,2023-12-10,DELIVERED,Canada
1479,Barbara Davis,barbara.davis@outlook.com,(823) 598-5093,Speaker,Mobile ,1.0,£88.89,2023/10/10,pending,Germany
1352,Linda Brown,linda.brown@outlook.com,N/A,Laptop,ACCESSORIES,3.0,£596.06,09 Jan 2024,SHIPPED,Germany
1444,WILLIAM BROWN,,,Monitor, Computing,2.0,$843.86,2023/03/21,Shipped,UK
1246,James  Garcia,james.garcia@gmail.com,(537) 478-7326,Laptop,COMPUTING,2.0,1466.4,09 Aug 2023,cancelled,Germany
1317,LINDA JOHNSON,linda.johnson@outlook.com,7544112527,Phone,mobile,5.0,,23/07/2023,cancelled,UK
1486,Michael Davis,michael.davis@yahoo.com,4311463305,Headphones,Mobile,8.0,237.86,09/02/2023,Returned,Germany
1370,LINDA WILSON,linda.wilson@outlook.com,8263327941,Monitor, Electronics,1.0,1115.99,25/09/2024,shipped,UK
1121,michael garcia,michael.garcia@gmail.com,,Laptop, Computing,8.0,1422.81,,shipped,USA
1469,William  Smith,william.smith@yahoo.com,161-399-7527,Mouse, Audio,3.0,1182.2,05-30-2023,Returned,UK
1377,Jennifer  Garcia,jennifer.garcia@gmail.com,N/A,Laptop,mobile,1.0,£962.12,04/08/2024,returned,USA
1110,Patricia Smith,patricia.smith@yahoo.com,N/A,Tablet,Audio,2.0,129.98,2024-06-07,SHIPPED,Germany
1146,michael miller,michael.miller@gmail.com,920-686-8341,Charger,AUDIO,3.0,1119.13,16 Apr 2023,Cancelled,Canada
1165,JOHN MOORE,john.moore@gmail.com,4505642127,Tablet,audio,1.0,307.51,2023/06/03,Delivered,France
1174,Michael  Williams,michael.williams@gmail.com,571-423-1137,Keyboard, Audio,2.0,£545.6,2023/07/11,Pending,Germany
1389,Barbara  Miller,barbara.miller@gmail.com,N/A,Headphones, Electronics,12.0,£617.66,12/02/2024,Delivered,Germany
1031,MARY WILLIAMS,mary.williams@yahoo.com,,Laptop,Audio,2.0,488.29,10/06/2024,returned,France
1023,Robert Johnson,robert.johnson@yahoo.com,484-506-4249,Speaker,Accessories,,1209.26,2023/12/22,CANCELLED,Germany
1279,Michael Miller,michael.miller@yahoo.com,(682) 932-5151,Monitor,Mobile,1.0,175.33,2023-07-03,Cancelled,USA
1032,John  Jones,john.jones@outlook.com,1297454920,Monitor,Mobile,1.0,340.93,17/04/2024,shipped,Germany
1358,BARBARA GARCIA,barbara.garcia@outlook.com,8793069741,Laptop,accessories,17.0,£1068.85,10 Jan 2024,delivered,USA
1021,jennifer miller,jennifer.miller@yahoo.com,N/A,Speaker,Mobile,3.0,207.87,06/07/2023,pending,Germany
1487,John Garcia,,(413) 513-7114,Speaker,Computing,2.0,47.6,,Cancelled,Canada
1053,James  Brown,james.brown@yahoo.com,(724) 262-6962,Monitor,Audio ,14.0,£83.29,03-09-2023,DELIVERED,France
1323,james garcia,james.garcia@outlook.com,3251983750,Laptop, Audio,2.0,$487.41,2024-10-01,returned,France
1274,Patricia Williams,patricia.williams@gmail.com,N/A,Tablet,Electronics ,3.0,538.0,13 Apr 2024,DELIVERED,UK
1229,LINDA JOHNSON,linda.johnson@yahoo.com,(510) 156-2485,Webcam,Computing,2.0,$973.45,21/07/2024,CANCELLED,UK
1363,John Smith,john.smith@yahoo.com,212-946-1222,Headphones,Accessories,1.0,1408.2,10/01/2023,RETURNED,Germany
1371,michael miller,michael.miller@gmail.com,(762) 534-4190,Phone,Electronics,,£1169.3,2023-01-29,Pending,Canada
1057,William  Williams,william.williams@gmail.com,(327) 936-8391,Laptop,Audio,16.0,564.07,03-25-2023,Shipped,Germany
1460,ROBERT SMITH,robert.smith@gmail.com,(527) 117-8319,Monitor, Electronics,2.0,1099.2,2023-09-12,DELIVERED,USA
1003,ROBERT DAVIS,robert.davis@gmail.com,314-786-5374,Speaker, Accessories,1.0,,2024/10/17,SHIPPED,Germany
1497,Patricia  Moore,patricia.moore@outlook.com,,Speaker,Mobile ,3.0,67.94,27/08/2024,Returned,USA
1059,barbara brown,barbara.brown@yahoo.com,,Tablet,Accessories,,106.18,04 Feb 2024,DELIVERED,France
1382,,william.johnson@outlook.com,N/A,Keyboard,Accessories ,1.0,297.36,05-08-2023,cancelled,France
1254,MARY WILLIAMS,mary.williams@yahoo.com,626-333-7677,Mouse,Electronics ,7.0,£208.19,2023/10/23,Delivered,Germany
1480,JOHN MOORE,john.moore@outlook.com,(190) 548-5017,Speaker,MOBILE,2.0,$1035.91,03-11-2023,pending,UK
1451,PATRICIA WILLIAMS,patricia.williams@gmail.com,3932825570,Speaker,Computing ,1.0,$412.84,07-01-2023,PENDING,France
1470,Mary  Davis,mary.davis@gmail.com,(450) 402-8285,Charger, Computing,12.0,$58.44,2023/06/01,Pending,UK
1243,LINDA GARCIA,linda.garcia@gmail.com,,Headphones,MOBILE,1.0,$1259.8,2023-06-15,Delivered,Germany
1075,james wilson,james.wilson@outlook.com,N/A,Phone,Accessories,3.0,981.07,2024-05-03,pending,Germany
1450,JAMES JONES,james.jones@outlook.com,,Charger,Electronics,1.0,$1095.68,2023/11/22,Delivered,USA
1440,robert garcia,robert.garcia@outlook.com,1976743773,Charger,mobile,1.0,607.78,2024/06/19,Shipped,France
1490,James Miller,james.miller@gmail.com,1142461558,Headphones,AUDIO,4.0,£723.76,2023/07/12,cancelled,UK
1081,Michael Miller,michael.miller@outlook.com,(995) 652-3178,Phone, Accessories,16.0,$195.38,04/01/2023,pending,Canada
1262,ROBERT WILSON,robert.wilson@yahoo.com,N/A,Monitor, Mobile,18.0,275.0,2024/10/04,SHIPPED,France
1027,John Davis,john.davis@gmail.com,(580) 590-8216,Headphones,ELECTRONICS,1.0,1234.06,18/05/2024,RETURNED,USA
1205,,linda.brown@outlook.com,564-519-8239,Speaker,Mobile,11.0,$420.78,2023-02-20,Shipped,
1294,John  Wilson,john.wilson@yahoo.com,252-987-6328,Speaker,Mobile ,1.0,£1350.87,07/07/2024,CANCELLED,Germany
1369,Mary Brown,mary.brown@gmail.com,9335263452,Charger, Accessories,3.0,£620.23,30/03/2024,Pending,UK
1482,William  Johnson,william.johnson@outlook.com,N/A,Monitor,,2.0,,2024/04/09,Cancelled,France
1353,patricia johnson,patricia.johnsonyahoo.com,531-861-6426,Headphones,Accessories ,1.0,634.54,2024-11-29,pending,Canada
1109,PATRICIA MILLER,,6064952847,Charger,Mobile,1.0,£1480.39,16 May 2023,returned,
1015,Patricia Brown,patricia.brown@outlook.com,(436) 385-2137,Mouse,Mobile ,1.0,£177.44,2023/07/02,Pending,USA
1148,MICHAEL JOHNSON,michael.johnson@outlook.com,2239727437,Charger,,3.0,74.52,06 Apr 2024,RETURNED,UK
1115,robert johnson,robert.johnson@outlook.com,5296031981,Monitor,Electronics,11.0,£622.52,14/04/2024,Returned,Canada
1408,Mary  Jones,mary.jones@yahoo.com,(939) 340-9957,Speaker, Audio,3.0,223.64,2023-07-09,Shipped,Canada
1156,Patricia  Jones,patricia.jones@yahoo.com,514-543-6183,Tablet, Electronics,4.0,99.54,03-16-2023,Returned,Germany
1060,barbara garcia,barbara.garcia@gmail.com,N/A,Charger,accessories,3.0,$60.29,2023-02-14,delivered,Germany
1194,william brown,william.brown@gmail.com,540-431-2467,Tablet,AUDIO,1.0,484.5,2023-11-09,PENDING,France
1099,james moore,james.moore@yahoo.com,4981044519,Monitor, Electronics,7.0,£284.5,21 Jul 2023,delivered,France
1312,William  Garcia,william.garcia@outlook.com,,Charger,Audio ,12.0,604.41,2023-08-01,shipped,UK
1491,JOHN JONES,john.jones@yahoo.com,(567) 779-2581,Webcam,Computing,3.0,$965.23,2023-04-07,Cancelled,USA
1042,JAMES SMITH,james.smith@gmail.com,905-678-4362,Webcam, Accessories,1.0,$496.2,02/09/2024,Pending,UK
1390,James Garcia,james.garcia@outlook.com,5766816268,Webcam,Electronics ,13.0,$322.2,2023/04/16,PENDING,Canada
1228,James Johnson,james.johnson@outlook.com,N/A,Headphones,Electronics,2.0,£231.65,2024/02/05,DELIVERED,France
1241,MARY DAVIS,mary.davis@yahoo.com,9197892075,Charger,Electronics,1.0,436.12,2023-04-22,Pending,UK
1080,Robert  Smith,robert.smith@yahoo.com,863-323-2196,Tablet,Computing,1.0,1479.28,02-02-2023,Cancelled,UK
1029,Robert Davis,robert.davis@outlook.com,N/A,Phone,mobile,2.0,1240.81,2023-03-03,PENDING,Canada
1447,Linda  Garcia,linda.garcia@gmail.com,(997) 295-7266,Headphones,electronics,,791.37,08-23-2024,Pending,Germany
1322,james jones,james.jones@yahoo.com,,Keyboard,Audio,1.0,£588.97,30/03/2024,Returned,USA
1240,Michael  Garcia,invalid-email,,Keyboard,ACCESSORIES,11.0,,2024-08-17,shipped,Germany
1269,Michael  Garcia,michael.garcia@yahoo.com,,Mouse,computing,3.0,554.56,2024/01/22,Shipped,USA
1213,WILLIAM GARCIA,william.garcia@gmail.com,9233905011,Phone, Computing,14.0,$668.25,30 Jan 2023,Delivered,France
1348,Barbara  Miller,barbara.miller@outlook.com,1098039414,Headphones,Accessories ,1.0,£1378.07,2023/09/13,CANCELLED,France
1058,John  Davis,N/A,1193624533,Webcam, Mobile,1.0,$1165.38,05/11/2023,Delivered,France
1169,Patricia Garcia,patricia.garciaoutlook.com,(510) 728-9536,Speaker,electronics,3.0,£21.01,19/07/2023,RETURNED,Canada
1063,LINDA GARCIA,linda.garcia@yahoo.com,(687) 240-9674,Tablet,COMPUTING,1.0,$43.74,2024/05/26,CANCELLED,USA
1404,Patricia Miller,patricia.miller@yahoo.com,N/A,Tablet,Audio,2.0,$897.57,31 Jul 2024,PENDING,UK
1112,Robert Wilson,robert.wilson@yahoo.com,N/A,Charger,MOBILE,3.0,,2024-01-12,,
1085,Barbara Smith,barbara.smith@gmail.com,N/A,Keyboard,COMPUTING,1.0,1406.05,2024-05-05,RETURNED,UK
1411,BARBARA MOORE,barbara.moore@outlook.com,513-169-1736,Headphones,Accessories,3.0,1401.68,2023-11-28,Shipped,
1378,MICHAEL JONES,michael.jones@outlook.com,N/A,Phone,Computing ,17.0,£325.09,08/07/2023,delivered,Germany
1385,James  Williams,james.williams@outlook.com,4662914927,Monitor, Accessories,3.0,1156.74,09/10/2023,SHIPPED,USA
1454,LINDA BROWN,linda.brown@outlook.com,(445) 594-7572,Laptop, Accessories,3.0,£641.71,14 Aug 2024,Returned,UK
1130,MARY JONES,mary.jones@yahoo.com,770-597-8750,Headphones,Computing ,8.0,914.94,09 Feb 2023,PENDING,UK
1259,BARBARA GARCIA,N/A,(231) 957-7003,Speaker,ELECTRONICS,1.0,£645.08,02-26-2024,DELIVERED,UK
1097,JAMES JOHNSON,james.johnson@gmail.com,N/A,Mouse,Audio ,1.0,520.73,09/05/2024,pending,USA
1442,michael davis,michael.davis@outlook.com,N/A,Tablet,ELECTRONICS,3.0,£1493.64,06-19-2024,returned,Canada
1178,Jennifer  Moore,jennifer.moore@yahoo.com,9741233048,Monitor,electronics,3.0,159.0,2024/04/29,Delivered,France
1443,Robert  Davis,robert.davis@gmail.com,8648373217,Webcam,Audio,3.0,272.94,10/03/2023,PENDING,UK
1500,Michael  Garcia,michael.garcia@outlook.com,N/A,Mouse,Computing ,1.0,£1439.17,17/01/2023,SHIPPED,Germany
1142,michael jones,michael.jones@gmail.com,(312) 804-8875,Keyboard,Electronics,1.0,1253.67,02/06/2023,Returned,USA
1483,PATRICIA MOORE,patricia.moore@outlook.com,,Headphones,accessories,2.0,276.47,2024/06/30,Delivered,Canada
1341,Jennifer Moore,jennifer.moore@outlook.com,N/A,Headphones,Electronics,3.0,,2023/05/01,PENDING,France
1388,JENNIFER WILSON,jennifer.wilson@yahoo.com,N/A,Keyboard,computing,2.0,1443.0,2024/08/20,Pending,UK
1495,Robert Wilson,robert.wilson@outlook.com,(337) 776-8180,Phone, Mobile,1.0,£110.25,06/10/2023,cancelled,USA
1359,,robert.smith@outlook.com,,Webcam,electronics,18.0,,2024/02/15,Pending,UK
1337,BARBARA JOHNSON,barbara.johnson@yahoo.com,,Tablet,accessories,1.0,440.01,04-02-2023,Returned,USA
1268,Mary  Garcia,mary.garcia@outlook.com,N/A,Laptop,electronics,1.0,$9.6,10-05-2024,PENDING,USA
1265,Barbara Wilson,barbara.wilson@outlook.com,(694) 893-9605,Charger,electronics,2.0,497.28,30 Aug 2023,Shipped,USA
1082,Mary  Smith,mary.smith@outlook.com,116-346-4376,Phone,Mobile,18.0,1009.68,08/09/2023,cancelled,UK
1485,BARBARA GARCIA,barbara.garcia@yahoo.com,(192) 918-9305,Charger, Computing,3.0,29.14,06 Mar 2024,delivered,Germany
1327,patricia smith,patricia.smith@gmail.com,2777069992,Keyboard,Mobile,3.0,$470.64,08 Sep 2023,SHIPPED,UK
1477,patricia miller,patricia.miller@gmail.com,N/A,Speaker,AUDIO,2.0,£710.61,2024-01-15,,Germany
1219,jennifer miller,jennifer.miller@yahoo.com,786-228-3200,Phone,electronics,3.0,$1462.59,2023-03-28,cancelled,Canada
1453,Jennifer  Moore,jennifer.moore@outlook.com,(134) 430-2713,Laptop,Accessories ,2.0,508.32,07-11-2023,Pending,France
1285,John Williams,john.williams@gmail.com,216-732-4714,Webcam,Accessories ,2.0,1178.4,07-24-2024,SHIPPED,Canada
1306,James  Davis,james.davis@yahoo.com,(735) 734-2659,Laptop, Audio,14.0,292.76,2023/01/13,DELIVERED,UK
1457,JOHN BROWN,john.brown@yahoo.com,942-101-7523,Keyboard,Accessories ,1.0,320.79,,CANCELLED,UK
1054,JOHN GARCIA,john.garcia@outlook.com,(501) 232-2388,Webcam,AUDIO,8.0,144.71,06-04-2024,delivered,Germany
1172,james jones,james.jones@yahoo.com,789-866-6603,Webcam,Accessories ,2.0,£331.76,2023-07-07,CANCELLED,UK
1201,patricia brown,patricia.brown@gmail.com,(549) 987-9027,Charger,Accessories ,1.0,913.86,17 Nov 2023,RETURNED,Canada
1295,Mary Wilson,mary.wilson@gmail.com,,Webcam,Accessories ,1.0,$184.82,01-20-2023,Shipped,
1140,michael smith,michael.smith@gmail.com,,Webcam,Accessories,,£565.91,2024/07/01,DELIVERED,USA
1405,linda wilson,linda.wilson@yahoo.com,9535472573,Webcam,,2.0,705.23,22 Apr 2024,cancelled,USA
1297,Jennifer  Jones,,N/A,Webcam,Mobile ,2.0,95.64,20 Jul 2024,delivered,USA
1067,Barbara Smith,invalid-email,,Laptop, Audio,2.0,727.0,01 Nov 2023,DELIVERED,USA
1437,John  Wilson,john.wilson@outlook.com,(920) 265-7125,Tablet, Accessories,,58.93,23/06/2024,,France
1278,jennifer davis,jennifer.davis@outlook.com,,Phone,Computing ,1.0,,2023-11-04,,Germany
1307,John Smith,john.smith@gmail.com,(546) 625-6861,Speaker,mobile,3.0,£466.47,10-26-2023,DELIVERED,Canada
1223,JENNIFER WILLIAMS,jennifer.williams@outlook.com,285-918-9640,Mouse,electronics,3.0,1130.38,2024-01-28,CANCELLED,UK
1480,JOHN MOORE,john.moore@outlook.com,(190) 548-5017,Speaker,MOBILE,2.0,$1035.91,03-11-2023,pending,UK
1100,BARBARA WILLIAMS,barbara.williams@outlook.com,788-237-6131,Keyboard,Computing,2.0,1041.69,2024/03/04,SHIPPED,France
1296,Michael  Williams,michael.williams@gmail.com,424-491-5213,Phone, Electronics,2.0,£220.33,2023-04-02,pending,UK
1149,john moore,john.moore@outlook.com,,Tablet, Audio,2.0,£599.82,29 Oct 2023,Shipped,France
1016,Patricia Jones,patricia.jones@outlook.com,6329259821,Mouse,Audio,14.0,474.3,2023/11/04,PENDING,France
1164,barbara moore,barbara.moore@gmail.com,140-686-3406,Headphones,computing,3.0,901.04,11-08-2024,Delivered,France
1302,Barbara Brown,barbara.brown@gmail.com,(753) 505-2817,Speaker,Mobile ,9.0,$294.69,2023/03/08,SHIPPED,USA
1047,Barbara Moore,barbara.moore@outlook.com,949-810-5381,Headphones,COMPUTING,2.0,$14.13,02 Aug 2024,Delivered,USA
1087,Jennifer  Jones,jennifer.jones@outlook.com,(602) 571-3756,Headphones, Accessories,1.0,1375.76,20/06/2024,,USA
1038,ROBERT BROWN,robert.brown@gmail.com,735-356-3240,Laptop,Computing ,5.0,$550.47,04-03-2023,PENDING,France
1441,james jones,james.jones@outlook.com,6586116128,Mouse,Audio ,20.0,1288.69,18 Apr 2023,delivered,
1387,Jennifer  Garcia,jennifer.garcia@outlook.com,(105) 262-9548,Phone, Accessories,4.0,$39.44,08-10-2023,Delivered,USA
1419,mary brown,mary.brown@outlook.com,859-666-4453,Mouse,Accessories,3.0,976.61,27/04/2023,Cancelled,Germany
1207,James Johnson,james.johnson@yahoo.com,N/A,Speaker,COMPUTING,20.0,£1492.56,2023/05/13,returned,Canada
1409,Robert  Miller,robert.miller@outlook.com,5755267960,Laptop,Computing ,7.0,£587.2,2023/02/04,Cancelled,Germany
1365,mary davis,mary.davis@gmail.com,,Mouse,ELECTRONICS,1.0,$908.74,2024/03/14,PENDING,UK
1173,Mary Johnson,mary.johnson@outlook.com,,Laptop,AUDIO,3.0,£1347.69,2024-05-17,returned,France
1074,WILLIAM JONES,william.jones@gmail.com,(656) 488-7464,Headphones,Computing,1.0,522.81,11-02-2024,Cancelled,UK
1293,Robert Davis,robert.davis@gmail.com,(703) 531-1797,Monitor,accessories,1.0,£187.88,11/03/2023,cancelled,Canada
1105,,jennifer.johnson@gmail.com,(944) 316-9105,Mouse,COMPUTING,8.0,£1279.37,29/11/2024,Delivered,France
1250,ROBERT JONES,robert.jones@gmail.com,460-943-3354,Headphones,MOBILE,3.0,$620.93,2023-04-15,SHIPPED,UK
1422,Barbara Smith,barbara.smith@yahoo.com,4289565333,Charger,Audio,1.0,£702.33,2024/05/06,shipped,USA
1017,JOHN MOORE,john.moore@yahoo.com,1004115700,Tablet, Mobile,3.0,$665.47,07 Jun 2024,SHIPPED,USA
1364,linda williams,linda.williams@gmail.com,373-742-9906,Laptop,Electronics,1.0,769.76,26/05/2023,Shipped,UK
1092,MARY JOHNSON,mary.johnson@gmail.com,N/A,Mouse,Computing,1.0,1414.73,,Delivered,USA
1089,linda moore,linda.moore@outlook.com,800-947-2320,Phone,Audio ,16.0,716.63,25/06/2023,cancelled,Germany
1498,James  Garcia,james.garcia@yahoo.com,N/A,Laptop, Accessories,1.0,£947.63,04-12-2023,Cancelled,France
1141,linda williams,linda.williams@outlook.com,109-408-7895,Webcam, Computing,3.0,1246.83,2024/06/07,delivered,USA
1195,Mary Johnson,mary.johnson@gmail.com,251-989-5713,Mouse,ELECTRONICS,3.0,$39.01,2024-07-04,SHIPPED,Canada
1206,michael williams,michael.williams@outlook.com,N/A,Speaker,Computing,2.0,487.62,11 Mar 2023,Returned,Germany
1103,Barbara  Garcia,barbara.garcia@gmail.com,903-311-4390,Speaker, Computing,12.0,£810.46,10-27-2023,returned,Canada
1239,Linda  Williams,linda.williams@gmail.com,479-741-8607,Phone,AUDIO,1.0,£448.4,2024/09/19,Returned,
1421,WILLIAM MILLER,william.miller@outlook.com,(686) 836-9501,Headphones,Audio ,,£1362.03,11-29-2024,Delivered,Canada
1175,Michael  Jones,michael.jones@gmail.com,689-802-4744,Monitor, Accessories,3.0,$298.11,29/04/2024,shipped,France
1171,JENNIFER JOHNSON,jennifer.johnson@outlook.com,N/A,Speaker,audio,3.0,1023.98,08/05/2024,Pending,France
1379,Michael  Garcia,michael.garcia@gmail.com,,Speaker,ACCESSORIES,1.0,230.01,01 Jun 2023,Pending,France
1158,william williams,william.williams@gmail.com,954-358-4183,Headphones,Mobile,18.0,114.35,14/09/2023,SHIPPED,Canada
1334,BARBARA SMITH,barbara.smith@yahoo.com,1035677583,Laptop,Mobile,,$1426.84,13 Jan 2024,RETURNED,France
1071,barbara wilson,barbara.wilson@yahoo.com,,Monitor,MOBILE,20.0,£800.85,01/05/2024,,USA
1134,JENNIFER DAVIS,jennifer.davis@gmail.com,,Phone, Electronics,15.0,£972.78,02/11/2023,Cancelled,Germany
1250,ROBERT JONES,robert.jones@gmail.com,460-943-3354,Headphones,MOBILE,3.0,$620.93,2023-04-15,SHIPPED,UK
1320,JOHN JONES,john.jones@outlook.com,N/A,Tablet,Mobile,1.0,£1134.32,24 Feb 2024,shipped,UK
1104,john williams,john.williams@gmail.com,N/A,Headphones,MOBILE,3.0,680.73,2024/02/17,PENDING,Germany
1395,Patricia Johnson,N/A,N/A,Keyboard,Audio,1.0,£1221.92,16 Nov 2023,SHIPPED,USA
1019,LINDA WILSON,linda.wilson@yahoo.com,,Charger,Accessories ,2.0,£1128.91,17 Jun 2024,shipped,France
1151,patricia jones,patricia.jones@yahoo.com,(249) 959-2016,Keyboard,Mobile,3.0,$158.21,2024/10/24,Cancelled,Canada
1355,linda johnson,linda.johnson@gmail.com,7057443436,Phone,Accessories ,2.0,$1485.65,12/03/2024,Returned,USA
1368,JAMES GARCIA,james.garcia@gmail.com,2479557898,Keyboard,Accessories,1.0,$1443.27,22/01/2024,,USA
1264,Michael Miller,michael.miller@gmail.com,(239) 129-5233,Webcam,Accessories,1.0,87.71,2023/11/18,Pending,France
1303,JAMES WILSON,james.wilson@outlook.com,564-102-7997,Mouse,Audio ,1.0,1021.86,05-22-2024,Returned,UK
1435,jennifer miller,jennifer.miller@yahoo.com,9846007750,Laptop,COMPUTING,1.0,1335.27,2023/03/04,pending,Germany
1035,Barbara Miller,barbara.miller@yahoo.com,(979) 646-7226,Charger,Mobile,1.0,,21/08/2023,Cancelled,USA
1182,Robert  Moore,robert.moore@gmail.com,255-150-9764,Headphones,ELECTRONICS,1.0,1074.22,27/08/2023,Shipped,
1185,,barbara.williams@gmail.com,611-193-6544,Laptop,computing,1.0,£734.33,,CANCELLED,UK
1208,Mary  Smith,mary.smith@outlook.com,,Tablet,Audio,2.0,,2023-01-12,pending,USA
1095,Patricia  Garcia,patricia.garcia@yahoo.com,,Keyboard, Mobile,9.0,45.24,03 Aug 2023,PENDING,USA
1393,James Brown,james.brown@gmail.com,4309828138,Headphones,electronics,15.0,1484.4,23/09/2023,Delivered,Germany
1347,robert williams,robert.williamsyahoo.com,327-487-2720,Headphones,MOBILE,1.0,£795.8,07-18-2024,Returned,USA
1123,jennifer brown,jennifer.brown@yahoo.com,8054013086,Laptop,Mobile ,1.0,$905.57,2024/10/16,delivered,UK
1354,Jennifer Wilson,jennifer.wilson@outlook.com,N/A,Speaker,Electronics ,2.0,426.92,2024-03-15,Returned,Canada
1079,Barbara  Johnson,barbara.johnson@outlook.com,179-677-2838,Webcam,mobile,1.0,495.54,2023-04-30,returned,USA
1062,,michael.williams@yahoo.com,,Tablet,Computing,3.0,$548.15,2023-02-01,RETURNED,France
1496,William Johnson,william.johnson@outlook.com,7139856940,Charger,Audio ,1.0,,10-10-2023,returned,France
1126,ROBERT JONES,robert.jones@gmail.com,5026859043,Laptop,Computing,1.0,445.35,24/07/2023,Delivered,UK
1455,JOHN WILLIAMS,john.williams@gmail.com,(416) 911-3317,Charger,audio,1.0,$989.62,06-26-2023,Pending,UK
1331,Robert  Jones,robert.jones@outlook.com,521-870-2456,Speaker,computing,1.0,1395.38,12/11/2023,shipped,USA
1306,James  Davis,james.davis@yahoo.com,(735) 734-2659,Laptop, Audio,14.0,292.76,2023/01/13,DELIVERED,UK
1466,Michael  Davis,michael.davis@yahoo.com,N/A,Monitor,,3.0,986.0,2024/01/28,cancelled,France
1467,MICHAEL SMITH,michael.smith@outlook.com,682-740-8731,Mouse, Electronics,16.0,$769.45,15 Jun 2023,PENDING,UK
1439,Barbara  Davis,barbara.davis@yahoo.com,N/A,Monitor, Mobile,,30.73,02-08-2024,RETURNED,USA
1025,JENNIFER JONES,,N/A,Webcam,Accessories ,3.0,1190.43,2023-10-29,CANCELLED,UK
1343,,,N/A,Webcam, Mobile,1.0,,01/08/2023,SHIPPED,UK
1372,Patricia Jones,patricia.jones@outlook.com,677-909-8926,Laptop,Computing,1.0,£1470.91,2024/02/12,shipped,France
1313,,john.johnson@yahoo.com,N/A,Webcam,MOBILE,3.0,703.99,12 Jan 2024,pending,France
1127,Robert  Johnson,robert.johnson@gmail.com,N/A,Laptop,Computing ,2.0,£343.23,31/07/2024,SHIPPED,USA
1481,James Williams,james.williams@outlook.com,505-925-8968,Webcam, Electronics,1.0,850.74,05-31-2024,returned,Germany
1301,LINDA JOHNSON,linda.johnson@yahoo.com,466-496-3903,Phone,AUDIO,3.0,19.0,10-15-2023,,Canada
1179,PATRICIA BROWN,patricia.brown@yahoo.com,234-639-3795,Laptop,COMPUTING,3.0,£1462.6,15 Jul 2024,SHIPPED,Canada
1462,barbara davis,barbara.davis@yahoo.com,(805) 896-4042,Webcam, Electronics,1.0,£1018.92,06 Jan 2023,Shipped,France
1407,william smith,william.smith@outlook.com,8586073234,Headphones,COMPUTING,3.0,$937.38,,Delivered,Canada
1224,MICHAEL DAVIS,michael.davis@yahoo.com,N/A,Tablet,AUDIO,,1306.07,23 Oct 2023,CANCELLED,Germany
1478,JAMES MILLER,james.miller@outlook.com,567-885-5492,Keyboard,ACCESSORIES,2.0,40.4,01-27-2024,RETURNED,UK
1094,linda moore,linda.moore@yahoo.com,(411) 106-7483,Speaker,AUDIO,2.0,$648.77,11-04-2023,RETURNED,UK
1070,JENNIFER WILSON,jennifer.wilson@gmail.com,,Speaker,electronics,,£562.93,07-25-2024,Shipped,Canada
1037,Barbara  Jones,barbara.jones@outlook.com,N/A,Charger,electronics,16.0,,30/10/2023,cancelled,USA
1161,William Wilson,william.wilson@yahoo.com,,Headphones,mobile,1.0,$272.82,05-10-2024,Delivered,France
1012,MARY BROWN,mary.brown@yahoo.com,,Webcam, Electronics,1.0,$1408.7,28/09/2023,DELIVERED,Canada
1145,barbara moore,barbara.moore@outlook.com,N/A,Keyboard,AUDIO,1.0,1259.35,2023-01-12,returned,France
1376,James Brown,james.brown@gmail.com,,Tablet,electronics,3.0,£1005.38,22 Apr 2024,returned,USA
1128,William  Miller,william.miller@outlook.com,N/A,Laptop, Mobile,20.0,$1017.91,04 May 2023,Shipped,UK
1304,James  Brown,james.brown@gmail.com,(301) 268-6394,Phone,Electronics,3.0,£1213.05,2023-09-14,delivered,UK
1010,linda williams,linda.williams@yahoo.com,159-693-9883,Mouse,Electronics,19.0,$1379.48,2023/02/28,Delivered,USA
1398,mary jones,mary.jones@outlook.com,514-501-7437,Keyboard,Computing ,1.0,£1179.66,10-14-2024,returned,USA
1177,Jennifer  Garcia,jennifer.garcia@outlook.com,N/A,Headphones,ACCESSORIES,17.0,859.6,2023-03-23,Pending,Germany
1232,Michael Garcia,michael.garcia@outlook.com,240-429-4493,Speaker,ACCESSORIES,1.0,414.47,06-22-2023,Returned,France
1211,James Brown,james.brown@yahoo.com,9185949192,Keyboard,Computing ,2.0,,2023/04/11,Shipped,USA
1129,BARBARA JONES,barbara.jones@outlook.com,,Tablet,MOBILE,12.0,689.94,2024/09/30,returned,USA
1144,john johnson,john.johnson@outlook.com,N/A,Speaker, Audio,,£918.93,18/09/2024,shipped,France
1242,JOHN DAVIS,john.davis@yahoo.com,7601215776,Phone,electronics,2.0,£620.48,11-02-2024,CANCELLED,Canada
1008,John  Moore,john.moore@gmail.com,926-516-4119,Phone,AUDIO,3.0,703.2,20/11/2024,delivered,Germany
1299,ROBERT MILLER,robert.miller@outlook.com,960-622-5609,Headphones, Mobile,2.0,139.12,2023/05/24,pending,UK
1311,Jennifer  Garcia,jennifer.garcia@outlook.com,,Monitor,ACCESSORIES,1.0,£946.04,2023/05/10,returned,UK
1255,Michael  Jones,michael.jones@gmail.com,(961) 921-8793,Headphones,Electronics ,3.0,659.9,2023-05-03,cancelled,Canada
1427,,barbara.williams@yahoo.com,(781) 241-5264,Mouse,Computing,3.0,$634.43,12 Aug 2024,Shipped,France
1458,John Miller,john.miller@yahoo.com,N/A,Laptop,ACCESSORIES,8.0,762.92,12 Jan 2023,cancelled,USA
1009,Mary Davis,mary.davis@gmail.com,653-956-1241,Keyboard,Accessories ,3.0,324.55,2023-03-02,Cancelled,France
1157,linda williams,linda.williams@gmail.com,(915) 916-9941,Headphones,COMPUTING,4.0,$1312.78,07/05/2023,DELIVERED,Canada
1028,barbara moore,barbara.moore@outlook.com,(553) 404-8025,Speaker,Mobile,1.0,£940.14,07/11/2024,,UK
1267,Michael  Smith,michael.smith@yahoo.com,(942) 874-4857,Keyboard,Accessories ,3.0,£1185.03,24 Mar 2023,CANCELLED,France
1315,Barbara  Smith,barbara.smith@outlook.com,8792527512,Keyboard,Accessories ,11.0,882.57,04-17-2024,,UK
1065,John Moore,john.moore@gmail.com,,Tablet, Audio,1.0,1458.71,05 Apr 2024,returned,UK
1256,michael johnson,michael.johnson@yahoo.com,N/A,Mouse, Audio,3.0,$769.56,10/04/2024,delivered,France
1290,JAMES GARCIA,james.garcia@outlook.com,N/A,Monitor,Mobile,2.0,$1474.51,12-25-2023,PENDING,Canada
1154,Barbara  Wilson,barbara.wilson@outlook.com,(764) 109-2879,Charger,,1.0,£1025.41,26/01/2024,cancelled,Canada
1049,james smith,james.smith@yahoo.com,(885) 240-5186,Mouse,Electronics,,,2024-06-29,RETURNED,Germany
1209,barbara smith,barbara.smith@gmail.com,N/A,Laptop,Accessories ,3.0,,18 Apr 2024,DELIVERED,Germany
1288,Michael  Williams,michael.williams@gmail.com,,Laptop,MOBILE,3.0,£1329.25,11-18-2023,delivered,Canada
1002,Patricia Garcia,patricia.garcia@gmail.com,,Monitor,,3.0,£122.81,2024/10/05,PENDING,UK
1270,John  Smith,john.smith@outlook.com,(366) 252-2459,Headphones,Mobile,4.0,655.56,20 Nov 2024,Delivered,UK
1266,Mary  Garcia,mary.garcia@yahoo.com,(384) 903-3374,Charger,COMPUTING,4.0,57.04,2024-11-18,PENDING,France
1294,John  Wilson,john.wilson@yahoo.com,252-987-6328,Speaker,Mobile ,1.0,£1350.87,07/07/2024,CANCELLED,Germany
1356,James  Wilson,N/A,(375) 472-5596,Tablet,ACCESSORIES,1.0,66.13,11-07-2024,shipped,France
1096,Michael Miller,michael.miller@yahoo.com,,Webcam, Audio,2.0,1053.94,2023-04-22,Pending,Canada
1493,John  Wilson,john.wilson@gmail.com,,Tablet,Audio ,1.0,£1083.71,01/01/2023,PENDING,Canada
1043,Barbara Garcia,barbara.garcia@gmail.com,,Phone,Electronics ,2.0,772.29,2024/04/07,,USA
1338,Patricia  Miller,patricia.miller@yahoo.com,,Speaker,mobile,3.0,18.74,2023-11-20,Pending,
1117,Robert Moore,robert.moore@gmail.com,4352512494,Mouse, Audio,2.0,$393.95,,CANCELLED,Canada
1046,MARY MILLER,mary.miller@outlook.com,(533) 988-1842,Speaker,COMPUTING,7.0,$763.58,03 Nov 2024,Shipped,Germany
1162,Linda Smith,linda.smith@outlook.com,(820) 633-5480,Speaker, Mobile,3.0,£982.24,24/08/2024,returned,France
1410,WILLIAM BROWN,william.brown@outlook.com,6251643858,Mouse,MOBILE,1.0,£421.12,08/02/2024,cancelled,France
1118,John  Brown,john.brown@yahoo.com,760-186-5240,Laptop,electronics,1.0,£142.51,06/05/2023,Cancelled,UK
1289,Linda  Garcia,linda.garcia@gmail.com,(186) 137-9805,Tablet, Accessories,1.0,£143.77,06-17-2024,Shipped,USA
1078,robert garcia,robert.garcia@gmail.com,N/A,Webcam,Computing,2.0,$923.87,17 May 2023,shipped,Canada
1417,LINDA JOHNSON,linda.johnson@yahoo.com,5471594902,Phone,Mobile,,1122.48,2023-01-16,Delivered,USA
1064,Mary Williams,mary.williams@yahoo.com,(830) 555-2438,Mouse, Electronics,2.0,$1277.79,2024/01/06,Shipped,UK
1339,Jennifer Jones,jennifer.jones@yahoo.com,8236878836,Charger,Computing ,2.0,$233.29,,shipped,France
1418,Barbara  Miller,barbara.miller@outlook.com,,Keyboard,AUDIO,3.0,£1071.14,07-18-2024,SHIPPED,Germany
1414,William Jones,william.jones@gmail.com,(152) 715-9856,Laptop,ACCESSORIES,3.0,1056.39,06-11-2023,DELIVERED,Canada
1231,mary smith,mary.smith@yahoo.com,5827331750,Headphones,electronics,2.0,1232.01,2024/04/12,SHIPPED,USA
1298,WILLIAM WILLIAMS,william.williams@outlook.com,1859669199,Headphones, Computing,1.0,808.62,22 Jul 2024,Delivered,France
1187,Jennifer  Johnson,jennifer.johnson@gmail.com,,Monitor,Computing ,,148.9,2023-02-14,Shipped,UK
1361,william jones,william.jones@yahoo.com,401-432-1938,Mouse,ACCESSORIES,2.0,1457.55,01-27-2024,RETURNED,UK
1200,JOHN SMITH,john.smith@outlook.com,3367104804,Laptop,Computing,1.0,755.98,10-27-2024,shipped,France
1366,LINDA GARCIA,linda.garcia@outlook.com,9071023435,Mouse,Accessories ,3.0,1222.9,14 Aug 2024,Pending,USA
1122,john garcia,,700-821-3320,Webcam,Computing,3.0,£881.09,11-06-2023,Shipped,France
1499,James  Garcia,james.garcia@outlook.com,3698873631,Webcam,MOBILE,2.0,$1172.55,26/05/2024,pending,Canada
1461,William  Moore,invalid-email,N/A,Webcam,ELECTRONICS,3.0,$604.11,21/09/2023,Cancelled,
1308,Patricia Brown,patricia.brown@yahoo.com,,Mouse,,14.0,£452.95,16/06/2023,Cancelled,France
1492,William  Williams,william.williams@outlook.com,960-796-4634,Keyboard, Computing,8.0,1290.59,06-29-2024,Returned,Canada
1159,Jennifer  Davis,jennifer.davis@yahoo.com,,Speaker,COMPUTING,1.0,$12.22,15 Aug 2023,pending,UK
1086,Jennifer  Wilson,jennifer.wilson@yahoo.com,8395806246,Mouse,Computing ,5.0,$1296.81,01-17-2023,RETURNED,Canada
1226,Patricia Smith,patricia.smith@outlook.com,,Phone,Electronics,3.0,$986.31,2023-04-24,pending,France
1263,Michael Moore,michael.moore@outlook.com,5732514938,Monitor,Audio ,1.0,,10-01-2023,shipped,Canada
1332,john williams,john.williams@yahoo.com,2125614482,Keyboard,electronics,2.0,,,DELIVERED,UK
1428,James Miller,james.miller@outlook.com,,Tablet,AUDIO,3.0,$1046.91,28/10/2023,pending,Canada
1077,,robert.williams@outlook.com,4026814164,Speaker,Audio ,2.0,134.67,2023-07-09,cancelled,UK
1415,BARBARA DAVIS,invalid-email,(531) 367-4285,Laptop,accessories,1.0,357.25,2024/07/31,delivered,USA
1143,JAMES JONES,james.jones@outlook.com,856-218-2556,Laptop,accessories,2.0,£1342.32,04-06-2023,Pending,USA
1088,Jennifer  Smith,jennifer.smith@outlook.com,106-644-7739,Laptop,MOBILE,1.0,755.81,03/07/2023,DELIVERED,UK
1066,james johnson,james.johnson@yahoo.com,(430) 826-4694,Webcam,Computing,1.0,£954.41,05-09-2023,RETURNED,USA
1183,Mary Williams,mary.williams@yahoo.com,1736568702,Keyboard,Computing ,1.0,$1462.02,30 Jan 2024,SHIPPED,USA
1106,john jones,john.jones@yahoo.com,(469) 356-2350,Headphones,Electronics ,1.0,,08/04/2023,shipped,USA
1426,William  Wilson,william.wilson@yahoo.com,9566895801,Mouse,ACCESSORIES,3.0,475.65,04 Sep 2023,cancelled,USA
1050,Barbara  Miller,barbara.miller@yahoo.com,,Charger,Computing,1.0,368.76,20/06/2024,cancelled,Germany
1406,BARBARA WILSON,barbara.wilson@gmail.com,679-998-5806,Tablet,Accessories ,3.0,1212.18,25/02/2023,delivered,USA
1006,William Wilson,william.wilson@outlook.com,(119) 214-6947,Keyboard,electronics,1.0,1099.2,2024-06-29,SHIPPED,France
1018,Patricia Williams,patricia.williams@gmail.com,N/A,Tablet,mobile,3.0,,02/11/2024,delivered,UK
1235,Linda Smith,,N/A,Webcam,Electronics,3.0,£891.1,2024-03-05,Pending,USA
1430,Robert  Garcia,robert.garcia@yahoo.com,N/A,Webcam, Computing,1.0,$524.28,05-02-2023,pending,France
1373,John  Smith,john.smith@yahoo.com,9721385753,Headphones,Audio,1.0,$1327.18,2023/06/14,RETURNED,Canada
1424,Mary  Johnson,mary.johnson@gmail.com,,Mouse,Audio,2.0,£218.9,09-13-2024,pending,Germany
1107,,michael.williams@gmail.com,191-848-2678,Mouse,COMPUTING,3.0,$1161.32,2024-10-18,DELIVERED,Canada
1135,john wilson,john.wilson@gmail.com,(921) 929-7620,Headphones,Electronics ,2.0,1360.83,02/02/2024,RETURNED,Canada
1431,Robert Williams,robert.williams@gmail.com,620-872-3766,Speaker, Electronics,1.0,735.11,2024-01-14,PENDING,France
1227,jennifer jones,jennifer.jones@gmail.com,(163) 491-7366,Laptop,COMPUTING,3.0,$108.75,16 Sep 2024,SHIPPED,France
1215,Jennifer  Davis,N/A,4595908556,Monitor, Computing,8.0,158.88,2023/11/30,delivered,Canada
1191,robert wilson,invalid-email,(259) 241-5341,Speaker,accessories,2.0,142.4,2024-08-05,DELIVERED,Germany
1472,Jennifer  Miller,jennifer.miller@outlook.com,N/A,Tablet,Electronics,1.0,$467.42,06-03-2023,RETURNED,USA
1321,Patricia Miller,patricia.miller@gmail.com,N/A,Charger,Audio,6.0,987.25,24 May 2023,Pending,UK
1283,MICHAEL MOORE,michael.mooreoutlook.com,,Mouse,Audio ,1.0,$435.58,04-25-2024,Cancelled,Canada
1030,Linda Johnson,linda.johnson@yahoo.com,718-356-1423,Keyboard, Mobile,2.0,$866.49,2024/04/26,cancelled,UK
1170,ROBERT MILLER,robert.miller@outlook.com,700-305-9482,Phone, Electronics,,£1372.94,12-22-2023,SHIPPED,UK
1181,JAMES WILSON,james.wilson@gmail.com,6745477467,Headphones,Audio ,2.0,$123.42,2024/06/13,pending,Canada
1101,robert williams,robert.williams@yahoo.com,734-154-6882,Charger,accessories,,760.63,23 Feb 2024,CANCELLED,France
1198,robert brown,robert.brown@yahoo.com,N/A,Webcam,mobile,1.0,861.48,2023/11/16,pending,Canada
1210,jennifer johnson,jennifer.johnson@yahoo.com,4474849753,Speaker,Mobile ,9.0,£179.68,19/11/2023,pending,USA
1136,JENNIFER WILSON,jennifer.wilson@gmail.com,(997) 671-3967,Phone,audio,12.0,$1145.56,11-27-2024,Delivered,Germany
1068,jennifer miller,jennifer.miller@yahoo.com,N/A,Phone,Computing ,1.0,£149.73,2024/01/29,Cancelled,UK
1459,LINDA GARCIA,linda.garcia@gmail.com,534-644-7282,Headphones,ELECTRONICS,1.0,774.77,21/03/2024,cancelled,USA
1199,William  Williams,william.williams@gmail.com,678-261-6201,Webcam,Mobile,2.0,$1260.09,01-31-2023,cancelled,Germany
1374,Michael  Smith,michael.smith@gmail.com,7257212228,Speaker,Audio,1.0,£1150.64,14/07/2024,Cancelled,France
1167,James Moore,,N/A,Mouse,electronics,17.0,384.18,08-01-2024,returned,France
1452,John  Smith,john.smith@gmail.com,(315) 819-8108,Monitor,,20.0,£1245.64,2023/04/03,shipped,UK
1137,Mary Davis,mary.davis@outlook.com,7351728736,Webcam,Electronics ,2.0,$622.6,2023-05-21,pending,Canada
1286,Mary Moore,N/A,2717452934,Mouse,ACCESSORIES,18.0,750.09,06-07-2023,Pending,USA
1336,mary davis,mary.davis@gmail.com,871-775-2465,Tablet,electronics,3.0,$1150.63,21 Sep 2023,DELIVERED,UK
1397,William Garcia,william.garcia@yahoo.com,N/A,Keyboard,computing,1.0,,,DELIVERED,USA
1132,john brown,john.brown@gmail.com,5671516904,Monitor,Computing ,3.0,954.94,28/11/2024,shipped,France
1040,JAMES MOORE,james.moore@outlook.com,(164) 750-8606,Tablet,electronics,1.0,460.03,29/04/2023,SHIPPED,UK
1216,Patricia  Moore,patricia.moore@yahoo.com,4506574869,Phone,Mobile ,7.0,£896.13,22/07/2024,Cancelled,Germany
1044,Michael Miller,michael.miller@yahoo.com,(554) 175-2323,Speaker,Accessories,2.0,£938.35,2024/01/26,returned,France
1055,Mary Wilson,mary.wilson@outlook.com,,Tablet,accessories,9.0,$1214.52,24/03/2024,cancelled,UK
1032,John  Jones,john.jones@outlook.com,1297454920,Monitor,Mobile,1.0,340.93,17/04/2024,shipped,Germany
1300,linda jones,linda.jones@outlook.com,,Mouse,electronics,4.0,717.41,2024-11-19,,France
1488,Mary  Johnson,mary.johnson@yahoo.com,9766498215,Speaker,ELECTRONICS,3.0,£1349.83,05-12-2023,returned,Canada
1305,Linda  Johnson,linda.johnson@outlook.com,(162) 134-7183,Phone,Accessories,1.0,455.7,09/03/2023,DELIVERED,USA
1036,John  Brown,john.brown@outlook.com,284-274-3868,Speaker, Audio,3.0,$1369.68,26 Aug 2023,pending,Germany
1316,John Jones,john.jones@yahoo.com,9544636567,Tablet,Audio ,2.0,882.5,2023-05-23,PENDING,Canada
1400,patricia wilson,patricia.wilson@gmail.com,N/A,Charger, Computing,3.0,384.04,01-14-2023,PENDING,Germany
1310,patricia smith,patricia.smith@yahoo.com,N/A,Phone,computing,3.0,£364.02,2024-11-07,RETURNED,France
1277,JOHN JOHNSON,john.johnson@yahoo.com,,Headphones,Computing,15.0,303.81,02 Feb 2024,PENDING,
1125,James Jones,james.jones@yahoo.com,2071756600,Tablet,Accessories,2.0,893.08,01 Feb 2023,SHIPPED,France
1143,JAMES JONES,james.jones@outlook.com,856-218-2556,Laptop,accessories,2.0,£1342.32,04-06-2023,Pending,USA
1111,patricia smith,patricia.smith@gmail.com,(218) 564-1901,Headphones,Electronics,1.0,£249.93,2024/06/19,,Germany
1324,Linda Brown,linda.brown@outlook.com,765-738-7045,Phone,Accessories ,13.0,751.87,2024/07/03,shipped,USA
1333,Mary Smith,mary.smith@yahoo.com,107-781-1685,Keyboard,Mobile,16.0,£782.51,12 May 2024,PENDING,France
1394,linda johnson,linda.johnson@yahoo.com,N/A,Phone, Mobile,11.0,719.5,10-15-2023,Cancelled,USA
1468,linda davis,linda.davis@outlook.com,N/A,Webcam, Electronics,1.0,371.07,08/01/2023,CANCELLED,France
1108,Linda Brown,linda.brown@gmail.com,(226) 703-7291,Tablet,computing,,$968.71,2024/07/20,RETURNED,Canada
1475,Linda  Brown,linda.brown@gmail.com,N/A,Headphones, Computing,19.0,£429.21,2023/09/28,shipped,
1013,Robert Smith,robert.smith@outlook.com,(383) 145-1058,Headphones,computing,18.0,1059.97,25/04/2023,SHIPPED,USA
1273,william miller,william.miller@yahoo.com,(145) 230-9179,Mouse,AUDIO,12.0,£1245.24,06-13-2024,Cancelled,Germany
1048,Barbara Moore,barbara.moore@gmail.com,872-732-1815,Monitor,Audio ,19.0,£665.86,2023/08/09,delivered,France
1204,,william.miller@gmail.com,6799923459,Headphones,Accessories,,467.73,2023-10-23,Delivered,UK
1456,LINDA WILLIAMS,linda.williams@gmail.com,N/A,Tablet,audio,3.0,$197.11,02-14-2024,,France
1120,LINDA GARCIA,linda.garcia@yahoo.com,126-426-4588,Monitor,Electronics ,2.0,,13/06/2023,SHIPPED,UK
1022,Mary Davis,mary.davis@outlook.com,458-329-2124,Laptop,accessories,4.0,$232.81,29/04/2024,Returned,France
1403,Robert  Smith,robert.smith@gmail.com,945-707-3022,Charger,Computing,2.0,992.08,02-21-2023,shipped,Germany
1435,jennifer miller,jennifer.miller@yahoo.com,9846007750,Laptop,COMPUTING,1.0,1335.27,2023/03/04,pending,Germany
1084,Michael  Williams,michael.williams@gmail.com,N/A,Laptop,Mobile ,17.0,797.34,09-06-2023,shipped,USA
1131,linda johnson,linda.johnson@gmail.com,(861) 553-6257,Tablet,Mobile,3.0,321.03,2024/05/11,Pending,Canada
1476,William  Davis,william.davis@gmail.com,878-542-5991,Charger, Computing,1.0,$1169.29,08-07-2023,returned,Germany
1384,,jennifer.wilson@yahoo.com,,Phone,Mobile ,12.0,£242.78,28/07/2023,Delivered,France
1330,Jennifer  Smith,jennifer.smith@yahoo.com,(348) 589-1565,Laptop,ACCESSORIES,1.0,$385.16,13/01/2023,DELIVERED,France
1230,Patricia Williams,,,Monitor, Audio,1.0,60.38,12/12/2023,Cancelled,UK
1147,LINDA GARCIA,linda.garcia@gmail.com,,Speaker,Mobile ,3.0,$175.46,01-03-2023,PENDING,Germany
1287,William Williams,william.williams@yahoo.com,8725246908,Headphones,Mobile ,1.0,1203.64,24 Feb 2024,RETURNED,Germany
1124,Jennifer Davis,jennifer.davis@yahoo.com,(809) 169-6742,Phone,Electronics,3.0,$1100.21,28 Feb 2024,cancelled,Canada
1034,,michael.brown@gmail.com,N/A,Headphones,Audio,8.0,£1448.2,13 Apr 2023,DELIVERED,France
1486,Michael Davis,michael.davis@yahoo.com,4311463305,Headphones,Mobile,8.0,237.86,09/02/2023,Returned,Germany
1005,Michael  Moore,michael.moore@outlook.com,666-981-1188,Webcam,COMPUTING,2.0,654.97,01-04-2023,Returned,Canada
1412,MARY DAVIS,mary.davis@outlook.com,130-278-6261,Charger,audio,1.0,382.48,,Shipped,UK
1020,John Brown,john.brown@yahoo.com,655-577-7812,Keyboard,Audio ,4.0,573.67,12-27-2023,cancelled,
1220,Michael Moore,michael.moore@outlook.com,(848) 342-9220,Tablet, Mobile,1.0,1467.46,13/01/2024,returned,USA
1380,Barbara Johnson,barbara.johnson@gmail.com,2925309947,Speaker,audio,1.0,1428.8,01-15-2024,delivered,Germany
1068,jennifer miller,jennifer.miller@yahoo.com,N/A,Phone,Computing ,1.0,£149.73,2024/01/29,Cancelled,UK
1420,Michael  Miller,michael.miller@gmail.com,,Laptop,Computing,1.0,£1365.53,2023/09/26,Shipped,Germany
1357,james wilson,james.wilson@yahoo.com,,Mouse,ACCESSORIES,10.0,579.15,2023/05/14,Delivered,Canada
1150,william brown,william.brown@gmail.com,3978036657,Headphones, Mobile,1.0,1142.36,,CANCELLED,Canada
1225,ROBERT GARCIA,robert.garcia@yahoo.com,N/A,Keyboard,,2.0,$1018.19,2023/11/17,DELIVERED,USA
1248,Patricia Smith,patricia.smith@gmail.com,755-954-8742,Monitor,audio,1.0,£47.52,19/05/2024,RETURNED,Germany
1473,william brown,william.brown@yahoo.com,(508) 741-2619,Webcam,ELECTRONICS,1.0,$672.72,09-08-2023,SHIPPED,UK
1152,Jennifer Wilson,jennifer.wilson@gmail.com,3077358259,Mouse,,1.0,$444.8,30/11/2024,Shipped,
1120,LINDA GARCIA,linda.garcia@yahoo.com,126-426-4588,Monitor,Electronics ,2.0,,13/06/2023,SHIPPED,UK
1318,michael miller,michael.miller@gmail.com,N/A,Keyboard,accessories,3.0,1227.75,2023/06/12,returned,Canada
1494,linda williams,linda.williams@yahoo.com,,Keyboard,ACCESSORIES,1.0,£1445.22,24 May 2023,,Canada
1292,linda miller,linda.miller@gmail.com,5968288499,Webcam,Mobile,3.0,$712.67,07-26-2024,DELIVERED,France
1234,william brown,william.brown@gmail.com,,Webcam,,2.0,84.34,02 Jun 2023,Cancelled,UK
1011,Barbara  Johnson,barbara.johnson@outlook.com,6354235272,Mouse,ACCESSORIES,1.0,£1009.18,04-13-2024,Delivered,France
1280,jennifer williams,invalid-email,N/A,Webcam,Electronics,1.0,24.89,16 Apr 2024,RETURNED,France
1072,barbara moore,barbara.mooreoutlook.com,2746367229,Keyboard, Electronics,1.0,£33.31,2024-03-04,CANCELLED,UK
1253,ROBERT MOORE,robert.moore@yahoo.com,,Speaker,Electronics,4.0,$329.41,2023-10-16,Returned,USA
1093,Barbara  Garcia,barbara.garcia@gmail.com,,Keyboard, Mobile,3.0,£258.41,11-05-2023,Cancelled,USA
1169,Patricia Garcia,patricia.garciaoutlook.com,(510) 728-9536,Speaker,electronics,3.0,£21.01,19/07/2023,RETURNED,Canada
1350,james moore,james.mooreoutlook.com,8196476653,Webcam,,1.0,$1013.41,29/06/2023,Pending,Canada
1416,James Johnson,james.johnson@yahoo.com,N/A,Monitor,,1.0,$1161.55,2024/07/01,CANCELLED,USA
1375,Linda  Jones,linda.jones@yahoo.com,552-765-3301,Speaker,Audio,2.0,$604.4,03-27-2024,RETURNED,Germany
1401,James  Williams,james.williams@gmail.com,245-465-9156,Keyboard,Mobile ,1.0,$1117.83,22/01/2024,PENDING,Canada
1193,william johnson,william.johnson@yahoo.com,(503) 251-3165,Phone, Audio,5.0,601.79,2024/02/13,CANCELLED,UK
1258,Linda Smith,linda.smith@gmail.com,9818985965,Charger,audio,3.0,733.75,05 Aug 2024,RETURNED,Canada
1067,Barbara Smith,invalid-email,,Laptop, Audio,2.0,727.0,01 Nov 2023,DELIVERED,USA
1340,Linda  Garcia,invalid-email,,Tablet,electronics,14.0,1299.45,08 Nov 2023,SHIPPED,UK
1073,PATRICIA WILSON,patricia.wilson@outlook.com,N/A,Webcam, Computing,2.0,$917.06,09-10-2023,returned,UK
1196,WILLIAM SMITH,,908-813-5444,Charger,Electronics,2.0,£996.16,21/04/2023,PENDING,France
1484,robert brown,robert.brownyahoo.com,226-954-7145,Charger,Accessories ,3.0,$660.63,30 Jul 2023,Returned,USA
1344,Robert Smith,robert.smith@gmail.com,N/A,Laptop,ACCESSORIES,5.0,£1357.41,2024/11/05,Cancelled,Canada
1138,,john.garcia@gmail.com,,Headphones,Audio,8.0,,18 Feb 2024,cancelled,USA
1261,Michael  Brown,michael.brown@outlook.com,9061779779,Monitor,Computing,13.0,$606.03,01/10/2024,Returned,Canada
1039,ROBERT DAVIS,robert.davis@outlook.com,923-217-8673,Headphones,Accessories ,1.0,1187.07,2023/09/28,delivered,Germany
1463,Jennifer Brown,jennifer.brown@outlook.com,,Tablet,MOBILE,3.0,1395.16,12-18-2023,pending,France
1202,James  Brown,james.brownoutlook.com,6288831807,Monitor,Audio ,2.0,694.71,2023/10/29,DELIVERED,Canada
1305,Linda  Johnson,linda.johnson@outlook.com,(162) 134-7183,Phone,Accessories,1.0,455.7,09/03/2023,DELIVERED,USA
1291,Jennifer Davis,jennifer.davis@gmail.com,948-521-2342,Laptop,audio,1.0,£672.02,2024/11/24,CANCELLED,Canada
1449,James Garcia,james.garcia@outlook.com,(973) 298-1273,Mouse, Accessories,15.0,,02/03/2024,Delivered,Canada
1190,,jennifer.garcia@outlook.com,,Webcam,Accessories ,2.0,,11/02/2024,delivered,Canada
1252,Mary Johnson,mary.johnson@yahoo.com,143-301-2766,Webcam,Mobile,1.0,1363.25,03-09-2023,Delivered,USA
1113,jennifer miller,jennifer.miller@gmail.com,9781367870,Mouse,Accessories ,2.0,,2023/05/03,Delivered,UK
1438,michael miller,michael.miller@outlook.com,982-186-2253,Webcam,Audio,4.0,$909.28,2023/04/08,Cancelled,Canada
1184,Jennifer Williams,jennifer.williams@outlook.com,N/A,Monitor,ACCESSORIES,1.0,$1460.04,10 Oct 2024,Pending,UK
1153,Linda Williams,linda.williams@gmail.com,N/A,Speaker,MOBILE,2.0,$790.47,17/06/2024,Returned,France
1313,,john.johnson@yahoo.com,N/A,Webcam,MOBILE,3.0,703.99,12 Jan 2024,pending,France
1326,BARBARA DAVIS,barbara.davis@gmail.com,,Tablet,Computing,2.0,$517.38,,SHIPPED,UK
1192,Robert  Smith,robert.smith@gmail.com,N/A,Tablet,electronics,3.0,85.92,2023/11/23,Returned,Germany
1045,Patricia  Miller,patricia.miller@gmail.com,N/A,Phone,Computing ,2.0,$564.58,30/04/2024,Delivered,USA
1445,BARBARA MOORE,barbara.moore@outlook.com,7845844429,Laptop,accessories,6.0,$224.01,01/05/2024,Pending,USA
1276,James Garcia,james.garcia@outlook.com,5634323118,Laptop,COMPUTING,1.0,823.0,05 Apr 2023,Pending,UK
1007,Patricia  Jones,patricia.jones@outlook.com,548-629-8397,Keyboard,Accessories,1.0,$884.52,2024-08-25,Delivered,USA
1251,Mary  Miller,mary.miller@gmail.com,(234) 117-8856,Monitor,computing,18.0,£787.07,06-26-2023,DELIVERED,USA
1312,William  Garcia,william.garcia@outlook.com,,Charger,Audio ,12.0,604.41,2023-08-01,shipped,UK
1076,john miller,john.miller@gmail.com,5069069116,Monitor,Electronics,13.0,£906.16,19 Oct 2023,RETURNED,France
1001,MARY SMITH,mary.smith@gmail.com,854-204-9935,Speaker,Audio,1.0,331.86,2024-07-28,returned,UK
1429,LINDA MILLER,linda.miller@yahoo.com,851-287-9345,Headphones, Electronics,,572.16,2023/06/30,returned,USA
1392,William Wilson,william.wilson@yahoo.com,N/A,Monitor,COMPUTING,3.0,£124.25,2024/05/20,delivered,Germany
1433,,james.smith@gmail.com,(993) 325-4205,Charger,Accessories ,3.0,$427.49,12/10/2024,RETURNED,UK
1069,Robert Davis,robert.davis@gmail.com,6175684944,Speaker,Computing,2.0,744.87,2023/10/20,Delivered,France
1168,ROBERT MOORE,robert.moore@outlook.com,2419752951,Charger,,10.0,£603.84,2024/07/17,Delivered,France
1367,barbara garcia,barbara.garcia@outlook.com,,Webcam,,3.0,,2024/06/23,SHIPPED,USA
1346,PATRICIA JOHNSON,patricia.johnson@outlook.com,,Webcam,mobile,1.0,477.96,24/01/2024,Returned,USA
1399,jennifer johnson,jennifer.johnson@gmail.com,N/A,Tablet,Computing,2.0,$1322.48,26/11/2024,returned,France
1186,william davis,william.davis@outlook.com,(456) 431-8674,Speaker,mobile,6.0,£236.76,2023/09/27,pending,USA
1349,Patricia Jones,patricia.jones@yahoo.com,420-965-2476,Phone,Accessories,9.0,£90.83,21 Jul 2024,delivered,Canada
1212,Mary  Garcia,mary.garcia@gmail.com,884-774-6119,Speaker,computing,1.0,£292.86,06-29-2024,CANCELLED,USA
1048,Barbara Moore,barbara.moore@gmail.com,872-732-1815,Monitor,Audio ,19.0,£665.86,2023/08/09,delivered,France
1197,John  Brown,john.brown@outlook.com,,Monitor,Computing ,1.0,£32.47,12-30-2023,,Germany
1176,Barbara  Smith,barbara.smith@gmail.com,N/A,Phone,AUDIO,2.0,£543.66,19/12/2023,Cancelled,Germany
